id,kode_provinsi,nama_provinsi,kode_kabupaten_kota,nama_kabupaten_kota,jenis_kelamin,jumlah_imunisasi,satuan,tahun
1,32,JAWA BARAT,3201,KABUPATEN BOGOR,LAKI-LAKI,57494,ORANG,2017
2,32,JAWA BARAT,3201,KABUPATEN BOGOR,PEREMPUAN,56653,ORANG,2017
3,32,JAWA BARAT,3202,KABUPATEN SUKABUMI,LAKI-LAKI,1607,ORANG,2017
4,32,JAWA BARAT,3202,KABUPATEN SUKABUMI,PEREMPUAN,1511,ORANG,2017
5,32,JAWA BARAT,3203,KABUPATEN CIANJUR,LAKI-LAKI,21688,ORANG,2017
6,32,JAWA BARAT,3203,KABUPATEN CIANJUR,PEREMPUAN,21038,ORANG,2017
7,32,JAWA BARAT,3204,KABUPATEN BANDUNG,LAKI-LAKI,34328,ORANG,2017
8,32,JAWA BARAT,3204,KABUPATEN BANDUNG,PEREMPUAN,34191,ORANG,2017
9,32,JAWA BARAT,3205,KABUPATEN GARUT,LAKI-LAKI,26199,ORANG,2017
10,32,JAWA BARAT,3205,KABUPATEN GARUT,PEREMPUAN,25066,ORANG,2017
11,32,JAWA BARAT,3206,KABUPATEN TASIKMALAYA,LAKI-LAKI,15779,ORANG,2017
12,32,JAWA BARAT,3206,KABUPATEN TASIKMALAYA,PEREMPUAN,15294,ORANG,2017
13,32,JAWA BARAT,3207,KABUPATEN CIAMIS,LAKI-LAKI,9057,ORANG,2017
14,32,JAWA BARAT,3207,KABUPATEN CIAMIS,PEREMPUAN,8436,ORANG,2017
15,32,JAWA BARAT,3208,KABUPATEN KUNINGAN,LAKI-LAKI,9797,ORANG,2017
16,32,JAWA BARAT,3208,KABUPATEN KUNINGAN,PEREMPUAN,9151,ORANG,2017
17,32,JAWA BARAT,3209,KABUPATEN CIREBON,LAKI-LAKI,24020,ORANG,2017
18,32,JAWA BARAT,3209,KABUPATEN CIREBON,PEREMPUAN,22862,ORANG,2017
19,32,JAWA BARAT,3210,KABUPATEN MAJALENGKA,LAKI-LAKI,10097,ORANG,2017
20,32,JAWA BARAT,3210,KABUPATEN MAJALENGKA,PEREMPUAN,9894,ORANG,2017
21,32,JAWA BARAT,3211,KABUPATEN SUMEDANG,LAKI-LAKI,9903,ORANG,2017
22,32,JAWA BARAT,3211,KABUPATEN SUMEDANG,PEREMPUAN,9509,ORANG,2017
23,32,JAWA BARAT,3212,KABUPATEN INDRAMAYU,LAKI-LAKI,18457,ORANG,2017
24,32,JAWA BARAT,3212,KABUPATEN INDRAMAYU,PEREMPUAN,16570,ORANG,2017
25,32,JAWA BARAT,3213,KABUPATEN SUBANG,LAKI-LAKI,15152,ORANG,2017
26,32,JAWA BARAT,3213,KABUPATEN SUBANG,PEREMPUAN,15451,ORANG,2017
27,32,JAWA BARAT,3214,KABUPATEN PURWAKARTA,LAKI-LAKI,0,ORANG,2017
28,32,JAWA BARAT,3214,KABUPATEN PURWAKARTA,PEREMPUAN,0,ORANG,2017
29,32,JAWA BARAT,3215,KABUPATEN KARAWANG,LAKI-LAKI,24863,ORANG,2017
30,32,JAWA BARAT,3215,KABUPATEN KARAWANG,PEREMPUAN,24487,ORANG,2017
31,32,JAWA BARAT,3216,KABUPATEN BEKASI,LAKI-LAKI,38379,ORANG,2017
32,32,JAWA BARAT,3216,KABUPATEN BEKASI,PEREMPUAN,37452,ORANG,2017
33,32,JAWA BARAT,3217,KABUPATEN BANDUNG BARAT,LAKI-LAKI,15327,ORANG,2017
34,32,JAWA BARAT,3217,KABUPATEN BANDUNG BARAT,PEREMPUAN,14881,ORANG,2017
35,32,JAWA BARAT,3218,KABUPATEN PANGANDARAN,LAKI-LAKI,2930,ORANG,2017
36,32,JAWA BARAT,3218,KABUPATEN PANGANDARAN,PEREMPUAN,2934,ORANG,2017
37,32,JAWA BARAT,3271,KOTA BOGOR,LAKI-LAKI,9722,ORANG,2017
38,32,JAWA BARAT,3271,KOTA BOGOR,PEREMPUAN,9800,ORANG,2017
39,32,JAWA BARAT,3272,KOTA SUKABUMI,LAKI-LAKI,3117,ORANG,2017
40,32,JAWA BARAT,3272,KOTA SUKABUMI,PEREMPUAN,2956,ORANG,2017
41,32,JAWA BARAT,3273,KOTA BANDUNG,LAKI-LAKI,21475,ORANG,2017
42,32,JAWA BARAT,3273,KOTA BANDUNG,PEREMPUAN,20842,ORANG,2017
43,32,JAWA BARAT,3274,KOTA CIREBON,LAKI-LAKI,2731,ORANG,2017
44,32,JAWA BARAT,3274,KOTA CIREBON,PEREMPUAN,2503,ORANG,2017
45,32,JAWA BARAT,3275,KOTA BEKASI,LAKI-LAKI,24533,ORANG,2017
46,32,JAWA BARAT,3275,KOTA BEKASI,PEREMPUAN,24803,ORANG,2017
47,32,JAWA BARAT,3276,KOTA DEPOK,LAKI-LAKI,20070,ORANG,2017
48,32,JAWA BARAT,3276,KOTA DEPOK,PEREMPUAN,19888,ORANG,2017
49,32,JAWA BARAT,3277,KOTA CIMAHI,LAKI-LAKI,5393,ORANG,2017
50,32,JAWA BARAT,3277,KOTA CIMAHI,PEREMPUAN,5361,ORANG,2017
51,32,JAWA BARAT,3278,KOTA TASIKMALAYA,LAKI-LAKI,6248,ORANG,2017
52,32,JAWA BARAT,3278,KOTA TASIKMALAYA,PEREMPUAN,5901,ORANG,2017
53,32,JAWA BARAT,3279,KOTA BANJAR,LAKI-LAKI,1581,ORANG,2017
54,32,JAWA BARAT,3279,KOTA BANJAR,PEREMPUAN,1530,ORANG,2017
55,32,JAWA BARAT,3201,KABUPATEN BOGOR,LAKI-LAKI,57021,ORANG,2018
56,32,JAWA BARAT,3201,KABUPATEN BOGOR,PEREMPUAN,55938,ORANG,2018
57,32,JAWA BARAT,3202,KABUPATEN SUKABUMI,LAKI-LAKI,229,ORANG,2018
58,32,JAWA BARAT,3202,KABUPATEN SUKABUMI,PEREMPUAN,22076,ORANG,2018
59,32,JAWA BARAT,3203,KABUPATEN CIANJUR,LAKI-LAKI,1782,ORANG,2018
60,32,JAWA BARAT,3203,KABUPATEN CIANJUR,PEREMPUAN,15489,ORANG,2018
61,32,JAWA BARAT,3204,KABUPATEN BANDUNG,LAKI-LAKI,3514,ORANG,2018
62,32,JAWA BARAT,3204,KABUPATEN BANDUNG,PEREMPUAN,33762,ORANG,2018
63,32,JAWA BARAT,3205,KABUPATEN GARUT,LAKI-LAKI,27119,ORANG,2018
64,32,JAWA BARAT,3205,KABUPATEN GARUT,PEREMPUAN,25997,ORANG,2018
65,32,JAWA BARAT,3206,KABUPATEN TASIKMALAYA,LAKI-LAKI,1629,ORANG,2018
66,32,JAWA BARAT,3206,KABUPATEN TASIKMALAYA,PEREMPUAN,15524,ORANG,2018
67,32,JAWA BARAT,3207,KABUPATEN CIAMIS,LAKI-LAKI,9713,ORANG,2018
68,32,JAWA BARAT,3207,KABUPATEN CIAMIS,PEREMPUAN,877,ORANG,2018
69,32,JAWA BARAT,3208,KABUPATEN KUNINGAN,LAKI-LAKI,10286,ORANG,2018
70,32,JAWA BARAT,3208,KABUPATEN KUNINGAN,PEREMPUAN,9293,ORANG,2018
71,32,JAWA BARAT,3209,KABUPATEN CIREBON,LAKI-LAKI,24778,ORANG,2018
72,32,JAWA BARAT,3209,KABUPATEN CIREBON,PEREMPUAN,23541,ORANG,2018
73,32,JAWA BARAT,3210,KABUPATEN MAJALENGKA,LAKI-LAKI,10384,ORANG,2018
74,32,JAWA BARAT,3210,KABUPATEN MAJALENGKA,PEREMPUAN,99,ORANG,2018
75,32,JAWA BARAT,3211,KABUPATEN SUMEDANG,LAKI-LAKI,9876,ORANG,2018
76,32,JAWA BARAT,3211,KABUPATEN SUMEDANG,PEREMPUAN,9519,ORANG,2018
77,32,JAWA BARAT,3212,KABUPATEN INDRAMAYU,LAKI-LAKI,16937,ORANG,2018
78,32,JAWA BARAT,3212,KABUPATEN INDRAMAYU,PEREMPUAN,16621,ORANG,2018
79,32,JAWA BARAT,3213,KABUPATEN SUBANG,LAKI-LAKI,15554,ORANG,2018
80,32,JAWA BARAT,3213,KABUPATEN SUBANG,PEREMPUAN,15444,ORANG,2018
81,32,JAWA BARAT,3214,KABUPATEN PURWAKARTA,LAKI-LAKI,9171,ORANG,2018
82,32,JAWA BARAT,3214,KABUPATEN PURWAKARTA,PEREMPUAN,8902,ORANG,2018
83,32,JAWA BARAT,3215,KABUPATEN KARAWANG,LAKI-LAKI,22559,ORANG,2018
84,32,JAWA BARAT,3215,KABUPATEN KARAWANG,PEREMPUAN,22256,ORANG,2018
85,32,JAWA BARAT,3216,KABUPATEN BEKASI,LAKI-LAKI,37497,ORANG,2018
86,32,JAWA BARAT,3216,KABUPATEN BEKASI,PEREMPUAN,36922,ORANG,2018
87,32,JAWA BARAT,3217,KABUPATEN BANDUNG BARAT,LAKI-LAKI,15803,ORANG,2018
88,32,JAWA BARAT,3217,KABUPATEN BANDUNG BARAT,PEREMPUAN,14572,ORANG,2018
89,32,JAWA BARAT,3218,KABUPATEN PANGANDARAN,LAKI-LAKI,3014,ORANG,2018
90,32,JAWA BARAT,3218,KABUPATEN PANGANDARAN,PEREMPUAN,2947,ORANG,2018
91,32,JAWA BARAT,3271,KOTA BOGOR,LAKI-LAKI,9947,ORANG,2018
92,32,JAWA BARAT,3271,KOTA BOGOR,PEREMPUAN,9505,ORANG,2018
93,32,JAWA BARAT,3272,KOTA SUKABUMI,LAKI-LAKI,2909,ORANG,2018
94,32,JAWA BARAT,3272,KOTA SUKABUMI,PEREMPUAN,2621,ORANG,2018
95,32,JAWA BARAT,3273,KOTA BANDUNG,LAKI-LAKI,21729,ORANG,2018
96,32,JAWA BARAT,3273,KOTA BANDUNG,PEREMPUAN,21933,ORANG,2018
97,32,JAWA BARAT,3274,KOTA CIREBON,LAKI-LAKI,2656,ORANG,2018
98,32,JAWA BARAT,3274,KOTA CIREBON,PEREMPUAN,2599,ORANG,2018
99,32,JAWA BARAT,3275,KOTA BEKASI,LAKI-LAKI,25586,ORANG,2018
100,32,JAWA BARAT,3275,KOTA BEKASI,PEREMPUAN,2524,ORANG,2018
101,32,JAWA BARAT,3276,KOTA DEPOK,LAKI-LAKI,22746,ORANG,2018
102,32,JAWA BARAT,3276,KOTA DEPOK,PEREMPUAN,21188,ORANG,2018
103,32,JAWA BARAT,3277,KOTA CIMAHI,LAKI-LAKI,5394,ORANG,2018
104,32,JAWA BARAT,3277,KOTA CIMAHI,PEREMPUAN,5283,ORANG,2018
105,32,JAWA BARAT,3278,KOTA TASIKMALAYA,LAKI-LAKI,6713,ORANG,2018
106,32,JAWA BARAT,3278,KOTA TASIKMALAYA,PEREMPUAN,5397,ORANG,2018
107,32,JAWA BARAT,3279,KOTA BANJAR,LAKI-LAKI,1627,ORANG,2018
108,32,JAWA BARAT,3279,KOTA BANJAR,PEREMPUAN,1499,ORANG,2018
109,32,JAWA BARAT,3201,KABUPATEN BOGOR,LAKI-LAKI,57156,ORANG,2019
110,32,JAWA BARAT,3201,KABUPATEN BOGOR,PEREMPUAN,56220,ORANG,2019
111,32,JAWA BARAT,3202,KABUPATEN SUKABUMI,LAKI-LAKI,21923,ORANG,2019
112,32,JAWA BARAT,3202,KABUPATEN SUKABUMI,PEREMPUAN,20740,ORANG,2019
113,32,JAWA BARAT,3203,KABUPATEN CIANJUR,LAKI-LAKI,18895,ORANG,2019
114,32,JAWA BARAT,3203,KABUPATEN CIANJUR,PEREMPUAN,18566,ORANG,2019
115,32,JAWA BARAT,3204,KABUPATEN BANDUNG,LAKI-LAKI,35228,ORANG,2019
116,32,JAWA BARAT,3204,KABUPATEN BANDUNG,PEREMPUAN,33725,ORANG,2019
117,32,JAWA BARAT,3205,KABUPATEN GARUT,LAKI-LAKI,0,ORANG,2019
118,32,JAWA BARAT,3205,KABUPATEN GARUT,PEREMPUAN,0,ORANG,2019
119,32,JAWA BARAT,3206,KABUPATEN TASIKMALAYA,LAKI-LAKI,15832,ORANG,2019
120,32,JAWA BARAT,3206,KABUPATEN TASIKMALAYA,PEREMPUAN,14978,ORANG,2019
121,32,JAWA BARAT,3207,KABUPATEN CIAMIS,LAKI-LAKI,9321,ORANG,2019
122,32,JAWA BARAT,3207,KABUPATEN CIAMIS,PEREMPUAN,9058,ORANG,2019
123,32,JAWA BARAT,3208,KABUPATEN KUNINGAN,LAKI-LAKI,9797,ORANG,2019
124,32,JAWA BARAT,3208,KABUPATEN KUNINGAN,PEREMPUAN,9584,ORANG,2019
125,32,JAWA BARAT,3209,KABUPATEN CIREBON,LAKI-LAKI,24497,ORANG,2019
126,32,JAWA BARAT,3209,KABUPATEN CIREBON,PEREMPUAN,23960,ORANG,2019
127,32,JAWA BARAT,3210,KABUPATEN MAJALENGKA,LAKI-LAKI,10390,ORANG,2019
128,32,JAWA BARAT,3210,KABUPATEN MAJALENGKA,PEREMPUAN,9897,ORANG,2019
129,32,JAWA BARAT,3211,KABUPATEN SUMEDANG,LAKI-LAKI,9734,ORANG,2019
130,32,JAWA BARAT,3211,KABUPATEN SUMEDANG,PEREMPUAN,9249,ORANG,2019
131,32,JAWA BARAT,3212,KABUPATEN INDRAMAYU,LAKI-LAKI,17646,ORANG,2019
132,32,JAWA BARAT,3212,KABUPATEN INDRAMAYU,PEREMPUAN,17941,ORANG,2019
133,32,JAWA BARAT,3213,KABUPATEN SUBANG,LAKI-LAKI,15874,ORANG,2019
134,32,JAWA BARAT,3213,KABUPATEN SUBANG,PEREMPUAN,15951,ORANG,2019
135,32,JAWA BARAT,3214,KABUPATEN PURWAKARTA,LAKI-LAKI,9095,ORANG,2019
136,32,JAWA BARAT,3214,KABUPATEN PURWAKARTA,PEREMPUAN,8996,ORANG,2019
137,32,JAWA BARAT,3215,KABUPATEN KARAWANG,LAKI-LAKI,22194,ORANG,2019
138,32,JAWA BARAT,3215,KABUPATEN KARAWANG,PEREMPUAN,21996,ORANG,2019
139,32,JAWA BARAT,3216,KABUPATEN BEKASI,LAKI-LAKI,38462,ORANG,2019
140,32,JAWA BARAT,3216,KABUPATEN BEKASI,PEREMPUAN,38143,ORANG,2019
141,32,JAWA BARAT,3217,KABUPATEN BANDUNG BARAT,LAKI-LAKI,0,ORANG,2019
142,32,JAWA BARAT,3217,KABUPATEN BANDUNG BARAT,PEREMPUAN,0,ORANG,2019
143,32,JAWA BARAT,3218,KABUPATEN PANGANDARAN,LAKI-LAKI,2952,ORANG,2019
144,32,JAWA BARAT,3218,KABUPATEN PANGANDARAN,PEREMPUAN,2965,ORANG,2019
145,32,JAWA BARAT,3271,KOTA BOGOR,LAKI-LAKI,9824,ORANG,2019
146,32,JAWA BARAT,3271,KOTA BOGOR,PEREMPUAN,9621,ORANG,2019
147,32,JAWA BARAT,3272,KOTA SUKABUMI,LAKI-LAKI,2813,ORANG,2019
148,32,JAWA BARAT,3272,KOTA SUKABUMI,PEREMPUAN,2988,ORANG,2019
149,32,JAWA BARAT,3273,KOTA BANDUNG,LAKI-LAKI,20816,ORANG,2019
150,32,JAWA BARAT,3273,KOTA BANDUNG,PEREMPUAN,21068,ORANG,2019
151,32,JAWA BARAT,3274,KOTA CIREBON,LAKI-LAKI,2707,ORANG,2019
152,32,JAWA BARAT,3274,KOTA CIREBON,PEREMPUAN,2533,ORANG,2019
153,32,JAWA BARAT,3275,KOTA BEKASI,LAKI-LAKI,25415,ORANG,2019
154,32,JAWA BARAT,3275,KOTA BEKASI,PEREMPUAN,25241,ORANG,2019
155,32,JAWA BARAT,3276,KOTA DEPOK,LAKI-LAKI,22587,ORANG,2019
156,32,JAWA BARAT,3276,KOTA DEPOK,PEREMPUAN,21094,ORANG,2019
157,32,JAWA BARAT,3277,KOTA CIMAHI,LAKI-LAKI,5368,ORANG,2019
158,32,JAWA BARAT,3277,KOTA CIMAHI,PEREMPUAN,5256,ORANG,2019
159,32,JAWA BARAT,3278,KOTA TASIKMALAYA,LAKI-LAKI,5725,ORANG,2019
160,32,JAWA BARAT,3278,KOTA TASIKMALAYA,PEREMPUAN,5492,ORANG,2019
161,32,JAWA BARAT,3279,KOTA BANJAR,LAKI-LAKI,1537,ORANG,2019
162,32,JAWA BARAT,3279,KOTA BANJAR,PEREMPUAN,1500,ORANG,2019
163,32,JAWA BARAT,3201,KABUPATEN BOGOR,LAKI-LAKI,51595,ORANG,2020
164,32,JAWA BARAT,3201,KABUPATEN BOGOR,PEREMPUAN,50352,ORANG,2020
165,32,JAWA BARAT,3202,KABUPATEN SUKABUMI,LAKI-LAKI,20118,ORANG,2020
166,32,JAWA BARAT,3202,KABUPATEN SUKABUMI,PEREMPUAN,19374,ORANG,2020
167,32,JAWA BARAT,3203,KABUPATEN CIANJUR,LAKI-LAKI,16708,ORANG,2020
168,32,JAWA BARAT,3203,KABUPATEN CIANJUR,PEREMPUAN,15568,ORANG,2020
169,32,JAWA BARAT,3204,KABUPATEN BANDUNG,LAKI-LAKI,32287,ORANG,2020
170,32,JAWA BARAT,3204,KABUPATEN BANDUNG,PEREMPUAN,31020,ORANG,2020
171,32,JAWA BARAT,3205,KABUPATEN GARUT,LAKI-LAKI,24012,ORANG,2020
172,32,JAWA BARAT,3205,KABUPATEN GARUT,PEREMPUAN,22777,ORANG,2020
173,32,JAWA BARAT,3206,KABUPATEN TASIKMALAYA,LAKI-LAKI,15120,ORANG,2020
174,32,JAWA BARAT,3206,KABUPATEN TASIKMALAYA,PEREMPUAN,14524,ORANG,2020
175,32,JAWA BARAT,3207,KABUPATEN CIAMIS,LAKI-LAKI,9479,ORANG,2020
176,32,JAWA BARAT,3207,KABUPATEN CIAMIS,PEREMPUAN,8964,ORANG,2020
177,32,JAWA BARAT,3208,KABUPATEN KUNINGAN,LAKI-LAKI,9653,ORANG,2020
178,32,JAWA BARAT,3208,KABUPATEN KUNINGAN,PEREMPUAN,8803,ORANG,2020
179,32,JAWA BARAT,3209,KABUPATEN CIREBON,LAKI-LAKI,23624,ORANG,2020
180,32,JAWA BARAT,3209,KABUPATEN CIREBON,PEREMPUAN,22543,ORANG,2020
181,32,JAWA BARAT,3210,KABUPATEN MAJALENGKA,LAKI-LAKI,10132,ORANG,2020
182,32,JAWA BARAT,3210,KABUPATEN MAJALENGKA,PEREMPUAN,9908,ORANG,2020
183,32,JAWA BARAT,3211,KABUPATEN SUMEDANG,LAKI-LAKI,10027,ORANG,2020
184,32,JAWA BARAT,3211,KABUPATEN SUMEDANG,PEREMPUAN,9461,ORANG,2020
185,32,JAWA BARAT,3212,KABUPATEN INDRAMAYU,LAKI-LAKI,13585,ORANG,2020
186,32,JAWA BARAT,3212,KABUPATEN INDRAMAYU,PEREMPUAN,12797,ORANG,2020
187,32,JAWA BARAT,3213,KABUPATEN SUBANG,LAKI-LAKI,15661,ORANG,2020
188,32,JAWA BARAT,3213,KABUPATEN SUBANG,PEREMPUAN,15111,ORANG,2020
189,32,JAWA BARAT,3214,KABUPATEN PURWAKARTA,LAKI-LAKI,8824,ORANG,2020
190,32,JAWA BARAT,3214,KABUPATEN PURWAKARTA,PEREMPUAN,8562,ORANG,2020
191,32,JAWA BARAT,3215,KABUPATEN KARAWANG,LAKI-LAKI,21091,ORANG,2020
192,32,JAWA BARAT,3215,KABUPATEN KARAWANG,PEREMPUAN,21213,ORANG,2020
193,32,JAWA BARAT,3216,KABUPATEN BEKASI,LAKI-LAKI,728,ORANG,2020
194,32,JAWA BARAT,3216,KABUPATEN BEKASI,PEREMPUAN,495,ORANG,2020
195,32,JAWA BARAT,3217,KABUPATEN BANDUNG BARAT,LAKI-LAKI,14651,ORANG,2020
196,32,JAWA BARAT,3217,KABUPATEN BANDUNG BARAT,PEREMPUAN,13626,ORANG,2020
197,32,JAWA BARAT,3218,KABUPATEN PANGANDARAN,LAKI-LAKI,3056,ORANG,2020
198,32,JAWA BARAT,3218,KABUPATEN PANGANDARAN,PEREMPUAN,2922,ORANG,2020
199,32,JAWA BARAT,3271,KOTA BOGOR,LAKI-LAKI,8606,ORANG,2020
200,32,JAWA BARAT,3271,KOTA BOGOR,PEREMPUAN,8305,ORANG,2020
201,32,JAWA BARAT,3272,KOTA SUKABUMI,LAKI-LAKI,3038,ORANG,2020
202,32,JAWA BARAT,3272,KOTA SUKABUMI,PEREMPUAN,2691,ORANG,2020
203,32,JAWA BARAT,3273,KOTA BANDUNG,LAKI-LAKI,18153,ORANG,2020
204,32,JAWA BARAT,3273,KOTA BANDUNG,PEREMPUAN,19213,ORANG,2020
205,32,JAWA BARAT,3274,KOTA CIREBON,LAKI-LAKI,2707,ORANG,2020
206,32,JAWA BARAT,3274,KOTA CIREBON,PEREMPUAN,2533,ORANG,2020
207,32,JAWA BARAT,3275,KOTA BEKASI,LAKI-LAKI,23246,ORANG,2020
208,32,JAWA BARAT,3275,KOTA BEKASI,PEREMPUAN,23134,ORANG,2020
209,32,JAWA BARAT,3276,KOTA DEPOK,LAKI-LAKI,17685,ORANG,2020
210,32,JAWA BARAT,3276,KOTA DEPOK,PEREMPUAN,16361,ORANG,2020
211,32,JAWA BARAT,3277,KOTA CIMAHI,LAKI-LAKI,5102,ORANG,2020
212,32,JAWA BARAT,3277,KOTA CIMAHI,PEREMPUAN,4897,ORANG,2020
213,32,JAWA BARAT,3278,KOTA TASIKMALAYA,LAKI-LAKI,6168,ORANG,2020
214,32,JAWA BARAT,3278,KOTA TASIKMALAYA,PEREMPUAN,5836,ORANG,2020
215,32,JAWA BARAT,3279,KOTA BANJAR,LAKI-LAKI,1132,ORANG,2020
216,32,JAWA BARAT,3279,KOTA BANJAR,PEREMPUAN,1045,ORANG,2020
